{
  "accuracy": 0.9912778020061055,
  "precision": 0.9918404351767905,
  "recall": 0.9900452488687783,
  "f1_score": 0.9909420289855072,
  "confusion_matrix": [
    [
      4716,
      36
    ],
    [
      44,
      4376
    ]
  ],
  "classification_report": {
    "normal": {
      "precision": 0.9907563025210084,
      "recall": 0.9924242424242424,
      "f1-score": 0.9915895710681245,
      "support": 4752.0
    },
    "anomaly": {
      "precision": 0.9918404351767905,
      "recall": 0.9900452488687783,
      "f1-score": 0.9909420289855072,
      "support": 4420.0
    },
    "accuracy": 0.9912778020061055,
    "macro avg": {
      "precision": 0.9912983688488994,
      "recall": 0.9912347456465104,
      "f1-score": 0.9912658000268159,
      "support": 9172.0
    },
    "weighted avg": {
      "precision": 0.991278747608073,
      "recall": 0.9912778020061055,
      "f1-score": 0.9912775196065929,
      "support": 9172.0
    }
  },
  "roc_auc": 0.9995515343860932,
  "model_path": "models\\baseline_model.pkl",
  "data_path": "data\\processed\\traffic_processed.csv",
  "evaluation_rows": 9172,
  "test_record_ids_count": 9172,
  "feature_columns": [
    "is_well_known_port",
    "is_web_port",
    "is_dns_port",
    "is_high_port",
    "port_category_well_known",
    "port_category_registered",
    "port_category_dynamic_private",
    "feature_dst_port_scaled",
    "feature_flow_duration_us_scaled",
    "feature_total_packets_scaled",
    "feature_total_bytes_scaled",
    "feature_bytes_per_packet_scaled",
    "feature_packets_per_second_scaled",
    "feature_bytes_per_second_scaled"
  ],
  "target_column": "binary_label",
  "confusion_matrix_path": "reports\\confusion_matrix.png"
}
